Individual	Allele_1	Allele_2	Allele_3	Allele_4	Allele_ID_1	Allele_ID_2	Allele_ID_3	Allele_ID_4	Group
BEA_hybrid	Allele_01	Allele_01	Allele_130	Allele_130	1	1	31	31	Other
Library001_barcode01	Allele_130	Allele_130	Allele_171	Allele_230	31	31	74	136	Library001
Library001_barcode02	Allele_180	Allele_180	Allele_25	Allele_25	84	84	137	137	Library001
Library001_barcode04	Allele_32	Allele_32	Allele_35	Allele_38	141	141	143	145	Library001
Library001_barcode05	Allele_54	Allele_54	Allele_54	Allele_54	149	149	149	149	Library001
Library001_barcode06	Allele_57	Allele_57	Allele_57	Allele_57	151	151	151	151	Library001
Library001_barcode07	Allele_120	Allele_120	Allele_124	Allele_124	22	22	25	25	Library001
Library001_barcode08	Allele_114	Allele_114	Allele_115	Allele_70	18	18	19	161	Library001
Library001_barcode09	Allele_101	Allele_101	Allele_101	Allele_101	7	7	7	7	Library001
Library001_barcode10	Allele_107	Allele_201	Allele_203	Allele_73	11	106	108	163	Library001
Library001_barcode11	Allele_33	Allele_33	Allele_35	Allele_35	142	142	143	143	Library001
Library001_barcode12	Allele_225	Allele_225	Allele_225	Allele_225	130	130	130	130	Library001
Library001_barcode13	Allele_172	Allele_172	Allele_202	Allele_202	75	75	107	107	Library001
Library001_barcode14	Allele_128	Allele_66	Allele_66	Allele_66	29	157	157	157	Library001
Library001_barcode15	Allele_47	Allele_47	Allele_47	Allele_47	147	147	147	147	Library001
Library001_barcode16	Allele_08	Allele_08	Allele_08	Allele_08	5	5	5	5	Library001
Library001_barcode17	Allele_103	Allele_103	Allele_103	Allele_26	8	8	8	138	Library001
Library001_barcode18	Allele_146	Allele_146	Allele_228	Allele_228	47	47	133	133	Library001
Library001_barcode19	Allele_25	Allele_25	Allele_68	Allele_68	137	137	159	159	Library001
Library001_barcode20	Allele_17	Allele_76	Allele_76	Allele_76	72	165	165	165	Library001
Library001_barcode21	Allele_168	Allele_61	Allele_61	Allele_61	70	153	153	153	Library001
Library001_barcode22	Allele_207	Allele_208	Allele_209	Allele_229	112	113	114	134	Library001
Library002_barcode23	Allele_35	Allele_35	Allele_39	Allele_39	143	143	146	146	Library002
Library002_barcode24	Allele_47	Allele_47	Allele_47	Allele_47	147	147	147	147	Library002
Library002_barcode25	Allele_62	Allele_62	Allele_62	Allele_62	154	154	154	154	Library002
Library002_barcode26	Allele_47	Allele_47	Allele_50	Allele_50	147	147	148	148	Library002
Library002_barcode27	Allele_47	Allele_47	Allele_47	Allele_47	147	147	147	147	Library002
Library002_barcode28	Allele_129	Allele_129	Allele_129	Allele_129	30	30	30	30	Library002
Library002_barcode29	Allele_47	Allele_47	Allele_47	Allele_47	147	147	147	147	Library002
Library002_barcode31	Allele_156	Allele_186	Allele_186	Allele_186	58	90	90	90	Library002
Library002_barcode32	Allele_179	Allele_179	Allele_67	Allele_67	82	82	158	158	Library002
Library002_barcode34	Allele_37	Allele_37	Allele_37	Allele_54	144	144	144	149	Library002
Library002_barcode35	Allele_121	Allele_121	Allele_97	Allele_97	23	23	172	172	Library002
Library002_barcode36	Allele_37	Allele_37	Allele_37	Allele_39	144	144	144	146	Library002
Library002_barcode37	Allele_110	Allele_110	Allele_110	Allele_86	14	14	14	171	Library002
Library002_barcode38	Allele_138	Allele_138	Allele_147	Allele_216	39	39	48	121	Library002
Library002_barcode39	Allele_115	Allele_115	Allele_125	Allele_125	19	19	26	26	Library002
Library002_barcode40	Allele_105	Allele_105	Allele_193	Allele_75	9	9	98	164	Library002
Library002_barcode41	Allele_06	Allele_06	Allele_06	Allele_06	3	3	3	3	Library002
Library002_barcode42	Allele_131	Allele_131	Allele_131	Allele_215	32	32	32	120	Library002
Library002_barcode43	Allele_187	Allele_187	Allele_57	Allele_57	91	91	151	151	Library002
Library002_barcode44	Allele_222	Allele_223	Allele_224	Allele_224	127	128	129	129	Library002
Library002_barcode45	Allele_212	Allele_212	Allele_212	Allele_212	117	117	117	117	Library002
Library002_barcode46	Allele_10	Allele_10	Allele_85	Allele_85	6	6	170	170	Library002
Library002_barcode47	Allele_164	Allele_165	Allele_166	Allele_72	66	67	68	162	Library002
Library002_barcode48	Allele_127	Allele_127	Allele_128	Allele_128	28	28	29	29	Library002
Library002_barcode49	Allele_194	Allele_194	Allele_194	Allele_194	99	99	99	99	Library002
Library002_barcode50	Allele_11	Allele_11	Allele_11	Allele_57	13	13	13	151	Library002
Library002_barcode51	Allele_113	Allele_113	Allele_113	Allele_113	17	17	17	17	Library002
Library002_barcode52	Allele_39	Allele_54	Allele_54	Allele_54	146	149	149	149	Library002
Library002_barcode53	Allele_33	Allele_33	Allele_39	Allele_39	142	142	146	146	Library002
Library002_barcode54	Allele_47	Allele_47	Allele_47	Allele_47	147	147	147	147	Library002
Library002_barcode55	Allele_155	Allele_155	Allele_155	Allele_155	57	57	57	57	Library002
Library002_barcode56	Allele_55	Allele_55	Allele_55	Allele_55	150	150	150	150	Library002
Library002_barcode57	Allele_10	Allele_112	Allele_112	Allele_112	6	16	16	16	Library002
Library002_barcode58	Allele_192	Allele_85	Allele_85	Allele_85	97	170	170	170	Library002
Library003_barcode60	Allele_195	Allele_195	Allele_72	Allele_72	100	100	162	162	Library003
Library003_barcode61	Allele_122	Allele_60	Allele_60	Allele_60	24	152	152	152	Library003
Library003_barcode62	Allele_107	Allele_111	Allele_111	Allele_111	11	15	15	15	Library003
Library003_barcode63	Allele_139	Allele_140	Allele_140	Allele_141	40	41	41	42	Library003
Library003_barcode64	Allele_01	Allele_01	Allele_227	Allele_227	1	1	132	132	Library003
Library003_barcode66	Allele_30	Allele_30	Allele_30	Allele_30	139	139	139	139	Library003
Library003_barcode67	Allele_19	Allele_77	Allele_81	Allele_81	94	166	168	168	Library003
Library003_barcode68	Allele_17	Allele_17	Allele_17	Allele_18	72	72	72	83	Library003
Library003_barcode69	Allele_173	Allele_173	Allele_196	Allele_198	76	76	101	103	Library003
Library003_barcode70	Allele_69	Allele_69	Allele_81	Allele_81	160	160	168	168	Library003
Library003_barcode71	Allele_218	Allele_79	Allele_79	Allele_81	123	167	167	168	Library003
Library003_barcode72	Allele_119	Allele_119	Allele_119	Allele_119	21	21	21	21	Library003
Library003_barcode73	Allele_107	Allele_107	Allele_108	Allele_69	11	11	12	160	Library003
Library003_barcode74	Allele_122	Allele_161	Allele_162	Allele_163	24	63	64	65	Library003
Library003_barcode75	Allele_148	Allele_148	Allele_149	Allele_150	49	49	50	52	Library003
Library003_barcode76	Allele_177	Allele_177	Allele_185	Allele_185	80	80	89	89	Library003
Library003_barcode77	Allele_158	Allele_158	Allele_220	Allele_221	60	60	125	126	Library003
Library003_barcode78	Allele_169	Allele_180	Allele_180	Allele_68	71	84	84	159	Library003
Library004_barcode79	Allele_122	Allele_122	Allele_122	Allele_122	24	24	24	24	Library004
Library004_barcode80	Allele_220	Allele_220	Allele_220	Allele_220	125	125	125	125	Library004
Library004_barcode81	Allele_188	Allele_189	Allele_210	Allele_211	92	93	115	116	Library004
Library004_barcode82	Allele_157	Allele_75	Allele_75	Allele_75	59	164	164	164	Library004
Library004_barcode83	Allele_152	Allele_152	Allele_183	Allele_198	54	54	87	103	Library004
Library004_barcode84	Allele_97	Allele_97	Allele_97	Allele_97	172	172	172	172	Library004
Library004_barcode85	Allele_05	Allele_05	Allele_132	Allele_133	2	2	33	34	Library004
Library004_barcode86	Allele_143	Allele_144	Allele_145	Allele_159	44	45	46	61	Library004
Library004_barcode87	Allele_153	Allele_153	Allele_97	Allele_97	55	55	172	172	Library004
Library004_barcode88	Allele_184	Allele_184	Allele_184	Allele_184	88	88	88	88	Library004
Library004_barcode89	Allele_05	Allele_05	Allele_05	Allele_05	2	2	2	2	Library004
Library005_barcode01	Allele_07	Allele_134	Allele_15	Allele_15	4	35	51	51	Library005
Library005_barcode02	Allele_106	Allele_106	Allele_106	Allele_178	10	10	10	81	Library005
Library005_barcode03	Allele_97	Allele_97	Allele_97	Allele_97	172	172	172	172	Library005
Library005_barcode04	Allele_30	Allele_30	Allele_97	Allele_97	139	139	172	172	Library005
Library005_barcode05	Allele_167	Allele_219	Allele_63	Allele_63	69	124	155	155	Library005
Library005_barcode07	Allele_15	Allele_82	Allele_82	Allele_97	51	169	169	172	Library005
Library005_barcode08	Allele_97	Allele_97	Allele_97	Allele_97	172	172	172	172	Library005
Library005_barcode09	Allele_103	Allele_103	Allele_103	Allele_97	8	8	8	172	Library005
Library005_barcode10	Allele_15	Allele_97	Allele_97	Allele_97	51	172	172	172	Library005
Library005_barcode12	Allele_15	Allele_15	Allele_177	Allele_177	51	51	80	80	Library005
Library005_barcode13	Allele_217	Allele_217	Allele_217	Allele_217	122	122	122	122	Library005
Library005_barcode14	Allele_07	Allele_25	Allele_25	Allele_25	4	137	137	137	Library005
Library005_barcode15	Allele_97	Allele_97	Allele_97	Allele_97	172	172	172	172	Library005
Library005_barcode16	Allele_217	Allele_217	Allele_217	Allele_217	122	122	122	122	Library005
Library005_barcode17	Allele_07	Allele_07	Allele_07	Allele_97	4	4	4	172	Library005
Library005_barcode18	Allele_26	Allele_26	Allele_26	Allele_26	138	138	138	138	Library005
Library005_barcode19	Allele_177	Allele_177	Allele_177	Allele_177	80	80	80	80	Library005
Library005_barcode20	Allele_101	Allele_154	Allele_26	Allele_31	7	56	138	140	Library005
Library005_barcode21	Allele_126	Allele_97	Allele_97	Allele_97	27	172	172	172	Library005
Library005_barcode22	Allele_151	Allele_23	Allele_23	Allele_23	53	135	135	135	Library005
Library005_barcode23	Allele_119	Allele_119	Allele_190	Allele_190	21	21	95	95	Library005
Library005_barcode24	Allele_118	Allele_118	Allele_118	Allele_119	20	20	20	21	Library005
Library005_barcode25	Allele_118	Allele_118	Allele_118	Allele_118	20	20	20	20	Library005
Library005_barcode26	Allele_119	Allele_119	Allele_119	Allele_119	21	21	21	21	Library005
Library005_barcode27	Allele_122	Allele_122	Allele_122	Allele_122	24	24	24	24	Library005
Library005_barcode28	Allele_107	Allele_107	Allele_107	Allele_170	11	11	11	73	Library005
Library005_barcode29	Allele_122	Allele_174	Allele_176	Allele_19	24	77	79	94	Library005
Library005_barcode30	Allele_122	Allele_122	Allele_175	Allele_176	24	24	78	79	Library005
Library005_barcode31	Allele_108	Allele_197	Allele_198	Allele_69	12	102	103	160	Library005
Library005_barcode32	Allele_181	Allele_181	Allele_76	Allele_76	85	85	165	165	Library005
Library005_barcode33	Allele_182	Allele_64	Allele_64	Allele_64	86	156	156	156	Library005
Library005_barcode34	Allele_122	Allele_122	Allele_122	Allele_122	24	24	24	24	Library005
Library005_barcode35	Allele_213	Allele_213	Allele_214	Allele_214	118	118	119	119	Library005
Library005_barcode36	Allele_151	Allele_151	Allele_23	Allele_23	53	53	135	135	Library005
